Id,Id2,Geography,Total,English Only,Spanish,French,French Creole,Portuguese,Russian,Chinese,Estimate; Total: - Speak only English,Estimate; Total: - Spanish or Spanish Creole:,"Estimate; Total: - French (incl. Patois, Cajun):",Estimate; Total: - French Creole:,Estimate; Total: - Portuguese or Portuguese Creole:,Estimate; Total: - Russian:,Estimate; Total: - Chinese:
1400000US12086000120,12086000120,"Census Tract 1.20, Miami-Dade County, Florida",4425,45.8,38.8,0.8,2.2,0.9,0.3,0.1,2028,1717,37,98,39,15,3
1400000US12086000219,12086000219,"Census Tract 2.19, Miami-Dade County, Florida",4213,25.8,26.0,0.2,43.1,0.9,0.0,0.0,1086,1094,8,1815,38,0,0
1400000US12086000220,12086000220,"Census Tract 2.20, Miami-Dade County, Florida",5061,20.7,22.0,0.7,53.9,0.0,1.1,0.0,1046,1111,35,2729,0,55,0
1400000US12086000306,12086000306,"Census Tract 3.06, Miami-Dade County, Florida",4852,24.6,17.0,1.4,55.7,0.6,0.0,0.0,1195,824,70,2701,31,0,0
1400000US12086000308,12086000308,"Census Tract 3.08, Miami-Dade County, Florida",5877,32.9,24.0,1.1,39.9,0.4,0.0,0.0,1936,1408,66,2346,25,0,0
1400000US12086000408,12086000408,"Census Tract 4.08, Miami-Dade County, Florida",4193,49.8,22.1,1.0,26.3,0.5,0.0,0.0,2089,925,44,1103,23,0,0
1400000US12086000409,12086000409,"Census Tract 4.09, Miami-Dade County, Florida",4668,19.9,26.8,0.7,52.5,0.0,0.0,0.0,930,1253,35,2450,0,0,0
1400000US12086000411,12086000411,"Census Tract 4.11, Miami-Dade County, Florida",5772,37.7,19.6,0.2,42.5,0.0,0.0,0.0,2174,1134,12,2452,0,0,0
1400000US12086000412,12086000412,"Census Tract 4.12, Miami-Dade County, Florida",6287,52.7,40.5,0.0,6.8,0.0,0.0,0.0,3314,2547,0,426,0,0,0
1400000US12086000503,12086000503,"Census Tract 5.03, Miami-Dade County, Florida",6764,43.8,50.6,0.0,3.6,0.0,0.0,0.2,2961,3421,0,246,0,0,15
1400000US12086000604,12086000604,"Census Tract 6.04, Miami-Dade County, Florida",6174,5.8,94.2,0.0,0.0,0.0,0.0,0.0,357,5817,0,0,0,0,0
1400000US12086000605,12086000605,"Census Tract 6.05, Miami-Dade County, Florida",4309,9.0,91.0,0.0,0.0,0.0,0.0,0.0,389,3920,0,0,0,0,0
1400000US12086000804,12086000804,"Census Tract 8.04, Miami-Dade County, Florida",4907,5.3,94.6,0.0,0.0,0.0,0.0,0.0,262,4643,0,2,0,0,0
1400000US12086000805,12086000805,"Census Tract 8.05, Miami-Dade County, Florida",5689,7.9,91.9,0.2,0.0,0.0,0.0,0.0,447,5226,9,0,0,0,0
1400000US12086000806,12086000806,"Census Tract 8.06, Miami-Dade County, Florida",4802,9.6,90.0,0.0,0.2,0.0,0.0,0.0,463,4323,0,12,0,0,0
1400000US12086000901,12086000901,"Census Tract 9.01, Miami-Dade County, Florida",7051,11.8,87.2,0.3,0.7,0.0,0.0,0.0,834,6145,21,51,0,0,0
1400000US12086000902,12086000902,"Census Tract 9.02, Miami-Dade County, Florida",5584,23.3,72.7,0.1,3.5,0.0,0.0,0.3,1301,4057,7,198,0,0,16
1400000US12086000903,12086000903,"Census Tract 9.03, Miami-Dade County, Florida",2483,59.0,39.3,0.0,0.8,0.0,0.0,0.0,1466,977,0,19,0,0,0
1400000US12086001002,12086001002,"Census Tract 10.02, Miami-Dade County, Florida",5035,73.0,17.2,0.4,9.4,0.0,0.0,0.0,3675,864,22,473,0,0,0
1400000US12086001003,12086001003,"Census Tract 10.03, Miami-Dade County, Florida",4702,73.1,21.6,0.0,4.6,0.0,0.0,0.0,3439,1017,0,215,0,0,0
1400000US12086001004,12086001004,"Census Tract 10.04, Miami-Dade County, Florida",5953,73.1,14.5,0.1,12.1,0.0,0.0,0.0,4351,864,3,722,0,0,0
1400000US12086001005,12086001005,"Census Tract 10.05, Miami-Dade County, Florida",1903,67.6,22.8,1.3,8.2,0.0,0.0,0.0,1286,433,24,156,0,0,0
1400000US12086001006,12086001006,"Census Tract 10.06, Miami-Dade County, Florida",4617,37.7,30.7,1.0,28.8,0.0,0.0,0.5,1741,1417,48,1331,0,0,24
1400000US12086001101,12086001101,"Census Tract 11.01, Miami-Dade County, Florida",5406,21.8,18.9,1.9,54.9,0.0,0.0,0.0,1176,1023,104,2968,0,0,0
1400000US12086001102,12086001102,"Census Tract 11.02, Miami-Dade County, Florida",5603,36.1,28.3,0.7,33.4,0.0,0.0,0.1,2025,1588,39,1874,0,0,4
1400000US12086001103,12086001103,"Census Tract 11.03, Miami-Dade County, Florida",3380,43.1,24.0,0.4,31.1,0.0,0.0,0.2,1456,811,15,1052,0,0,8
1400000US12086001104,12086001104,"Census Tract 11.04, Miami-Dade County, Florida",4623,48.9,28.6,1.3,13.3,1.4,0.2,0.3,2259,1321,62,615,66,8,13
1400000US12086001203,12086001203,"Census Tract 12.03, Miami-Dade County, Florida",6665,32.0,27.5,3.5,32.8,0.0,0.0,0.3,2136,1833,233,2186,0,0,17
1400000US12086001204,12086001204,"Census Tract 12.04, Miami-Dade County, Florida",5392,42.6,40.4,0.9,6.2,3.4,1.8,0.0,2297,2178,47,332,184,95,0
1400000US12086001205,12086001205,"Census Tract 12.05, Miami-Dade County, Florida",3095,54.3,28.1,1.7,9.5,0.0,0.0,0.0,1682,870,54,295,0,0,0
1400000US12086001206,12086001206,"Census Tract 12.06, Miami-Dade County, Florida",4210,43.0,36.8,1.2,3.8,6.5,0.0,0.0,1809,1550,51,161,272,0,0
1400000US12086001301,12086001301,"Census Tract 13.01, Miami-Dade County, Florida",4092,32.8,43.3,0.9,16.1,0.2,1.0,0.8,1344,1771,36,657,10,41,34
1400000US12086001302,12086001302,"Census Tract 13.02, Miami-Dade County, Florida",5459,38.4,39.6,1.0,18.1,0.8,0.0,0.0,2094,2164,52,990,41,0,0
1400000US12086001401,12086001401,"Census Tract 14.01, Miami-Dade County, Florida",4865,44.9,9.7,2.1,43.1,0.0,0.0,0.0,2184,474,101,2096,0,0,0
1400000US12086001402,12086001402,"Census Tract 14.02, Miami-Dade County, Florida",5716,34.6,12.5,0.8,52.0,0.0,0.0,0.0,1978,717,43,2970,0,0,0
1400000US12086001501,12086001501,"Census Tract 15.01, Miami-Dade County, Florida",3585,86.4,10.0,0.0,3.6,0.0,0.0,0.0,3098,359,0,128,0,0,0
1400000US12086001502,12086001502,"Census Tract 15.02, Miami-Dade County, Florida",3671,90.7,9.3,0.0,0.0,0.0,0.0,0.0,3329,342,0,0,0,0,0
1400000US12086001602,12086001602,"Census Tract 16.02, Miami-Dade County, Florida",6277,8.8,90.8,0.0,0.0,0.0,0.0,0.0,554,5698,0,0,0,0,0
1400000US12086001603,12086001603,"Census Tract 16.03, Miami-Dade County, Florida",3510,3.1,96.8,0.0,0.0,0.0,0.0,0.0,110,3398,0,0,0,0,0
1400000US12086001605,12086001605,"Census Tract 16.05, Miami-Dade County, Florida",3624,5.1,94.8,0.1,0.0,0.0,0.0,0.0,185,3435,4,0,0,0,0
1400000US12086001606,12086001606,"Census Tract 16.06, Miami-Dade County, Florida",4289,5.7,94.3,0.0,0.0,0.0,0.0,0.0,246,4043,0,0,0,0,0
1400000US12086001701,12086001701,"Census Tract 17.01, Miami-Dade County, Florida",4480,67.4,32.1,0.1,0.1,0.0,0.2,0.0,3019,1437,5,3,0,10,0
1400000US12086001702,12086001702,"Census Tract 17.02, Miami-Dade County, Florida",2487,68.2,31.0,0.0,0.8,0.0,0.0,0.0,1695,771,0,19,0,0,0
1400000US12086001703,12086001703,"Census Tract 17.03, Miami-Dade County, Florida",4961,7.1,92.4,0.0,0.4,0.0,0.0,0.0,353,4586,0,22,0,0,0
1400000US12086001801,12086001801,"Census Tract 18.01, Miami-Dade County, Florida",3974,81.9,18.1,0.0,0.0,0.0,0.0,0.0,3255,719,0,0,0,0,0
1400000US12086001802,12086001802,"Census Tract 18.02, Miami-Dade County, Florida",3972,70.2,29.6,0.0,0.3,0.0,0.0,0.0,2787,1175,0,10,0,0,0
1400000US12086001803,12086001803,"Census Tract 18.03, Miami-Dade County, Florida",2883,65.8,28.3,0.0,0.0,0.0,0.0,0.0,1896,817,0,0,0,0,0
1400000US12086001901,12086001901,"Census Tract 19.01, Miami-Dade County, Florida",3265,83.2,10.0,0.0,5.6,0.0,0.0,0.9,2715,326,0,182,0,0,29
1400000US12086001903,12086001903,"Census Tract 19.03, Miami-Dade County, Florida",3013,80.8,14.7,0.0,4.5,0.0,0.0,0.0,2436,442,0,135,0,0,0
1400000US12086001904,12086001904,"Census Tract 19.04, Miami-Dade County, Florida",3634,86.8,11.2,0.4,1.7,0.0,0.0,0.0,3154,406,13,61,0,0,0
1400000US12086002001,12086002001,"Census Tract 20.01, Miami-Dade County, Florida",3250,44.8,9.2,0.0,45.9,0.0,0.0,0.0,1457,300,0,1493,0,0,0
1400000US12086002003,12086002003,"Census Tract 20.03, Miami-Dade County, Florida",3531,46.8,16.4,1.3,34.4,0.0,0.0,0.0,1653,578,45,1213,1,1,0
1400000US12086002004,12086002004,"Census Tract 20.04, Miami-Dade County, Florida",2850,27.7,32.0,1.0,39.4,0.0,0.0,0.0,789,911,28,1122,0,0,0
1400000US12086002100,12086002100,"Census Tract 21, Miami-Dade County, Florida",2655,54.4,36.4,2.4,1.8,0.0,0.3,0.0,1444,967,63,49,0,9,0
1400000US12086002201,12086002201,"Census Tract 22.01, Miami-Dade County, Florida",3688,32.0,36.3,0.9,27.3,2.0,0.0,0.0,1180,1338,32,1008,73,0,0
1400000US12086002202,12086002202,"Census Tract 22.02, Miami-Dade County, Florida",5941,37.3,30.7,1.3,28.6,1.2,0.6,0.0,2218,1823,77,1697,70,37,0
1400000US12086002300,12086002300,"Census Tract 23, Miami-Dade County, Florida",4381,79.3,18.3,0.0,1.9,0.1,0.0,0.0,3472,802,0,85,5,0,0
1400000US12086002402,12086002402,"Census Tract 24.02, Miami-Dade County, Florida",5187,12.2,87.4,0.0,0.3,0.0,0.0,0.0,635,4535,0,17,0,0,0
1400000US12086002403,12086002403,"Census Tract 24.03, Miami-Dade County, Florida",4264,12.5,86.1,0.0,1.4,0.0,0.0,0.0,531,3673,0,60,0,0,0
1400000US12086002404,12086002404,"Census Tract 24.04, Miami-Dade County, Florida",4575,12.8,84.7,0.2,2.0,0.0,0.0,0.0,587,3875,7,91,0,0,0
1400000US12086002501,12086002501,"Census Tract 25.01, Miami-Dade County, Florida",4568,17.7,74.1,0.0,7.3,0.2,0.0,0.0,808,3385,0,332,10,0,2
1400000US12086002502,12086002502,"Census Tract 25.02, Miami-Dade County, Florida",4733,33.0,58.9,1.6,6.3,0.0,0.0,0.0,1561,2789,77,298,0,0,0
1400000US12086002600,12086002600,"Census Tract 26, Miami-Dade County, Florida",5974,26.4,65.5,0.8,5.2,0.0,0.2,0.0,1580,3912,47,309,0,13,0
1400000US12086002702,12086002702,"Census Tract 27.02, Miami-Dade County, Florida",3170,27.1,69.3,0.0,1.8,0.0,0.0,0.0,860,2197,0,58,0,0,0
1400000US12086002703,12086002703,"Census Tract 27.03, Miami-Dade County, Florida",5758,42.2,47.3,2.2,1.6,1.9,0.0,0.0,2428,2723,129,93,109,0,0
1400000US12086002705,12086002705,"Census Tract 27.05, Miami-Dade County, Florida",2840,32.9,59.4,1.3,0.0,0.8,0.0,0.0,933,1687,36,0,24,0,0
1400000US12086002706,12086002706,"Census Tract 27.06, Miami-Dade County, Florida",3806,32.2,64.2,0.4,0.0,1.6,0.3,0.0,1227,2443,17,0,60,13,0
1400000US12086002800,12086002800,"Census Tract 28, Miami-Dade County, Florida",1361,62.2,32.8,0.0,4.8,0.0,0.3,0.0,846,446,0,65,0,4,0
1400000US12086002900,12086002900,"Census Tract 29, Miami-Dade County, Florida",6515,17.2,80.8,0.5,1.2,0.0,0.0,0.0,1121,5266,32,75,0,0,0
1400000US12086003001,12086003001,"Census Tract 30.01, Miami-Dade County, Florida",2088,49.6,44.0,0.3,2.0,0.0,0.0,0.0,1035,919,7,41,0,0,0
1400000US12086003003,12086003003,"Census Tract 30.03, Miami-Dade County, Florida",5937,6.0,91.7,0.0,2.1,0.0,0.0,0.0,355,5442,0,124,0,0,0
1400000US12086003004,12086003004,"Census Tract 30.04, Miami-Dade County, Florida",4920,21.5,75.7,0.0,0.5,0.0,0.0,0.3,1056,3725,0,25,0,0,13
1400000US12086003100,12086003100,"Census Tract 31, Miami-Dade County, Florida",4082,70.2,24.1,0.3,5.3,0.1,0.0,0.0,2867,982,11,216,6,0,0
1400000US12086003400,12086003400,"Census Tract 34, Miami-Dade County, Florida",1689,73.7,18.0,0.7,6.2,0.0,0.0,0.0,1245,304,12,104,0,0,0
1400000US12086003601,12086003601,"Census Tract 36.01, Miami-Dade County, Florida",3491,45.3,51.3,0.0,0.2,0.3,0.5,0.0,1580,1791,0,6,11,19,0
1400000US12086003602,12086003602,"Census Tract 36.02, Miami-Dade County, Florida",6674,8.1,91.1,0.0,0.3,0.5,0.0,0.0,541,6078,0,19,36,0,0
1400000US12086003702,12086003702,"Census Tract 37.02, Miami-Dade County, Florida",3860,41.3,46.3,0.2,0.0,6.1,0.7,0.3,1594,1786,9,0,235,28,13
1400000US12086003703,12086003703,"Census Tract 37.03, Miami-Dade County, Florida",1448,40.1,32.3,0.9,5.0,2.7,0.0,4.6,581,467,13,72,39,0,66
1400000US12086003704,12086003704,"Census Tract 37.04, Miami-Dade County, Florida",1291,44.6,39.7,0.0,0.0,8.0,0.7,0.2,576,513,0,0,103,9,3
1400000US12086003705,12086003705,"Census Tract 37.05, Miami-Dade County, Florida",1062,38.7,49.2,3.5,0.0,0.2,0.0,0.0,411,523,37,0,2,0,0
1400000US12086003706,12086003706,"Census Tract 37.06, Miami-Dade County, Florida",1302,28.1,63.9,2.5,1.4,1.2,0.0,0.0,366,832,33,18,15,0,0
1400000US12086003707,12086003707,"Census Tract 37.07, Miami-Dade County, Florida",1150,49.7,35.1,1.7,0.0,4.7,0.0,0.0,571,404,19,0,54,0,0
1400000US12086003801,12086003801,"Census Tract 38.01, Miami-Dade County, Florida",5646,47.4,39.2,2.2,0.7,3.3,0.5,0.3,2677,2211,124,37,187,27,17
1400000US12086003803,12086003803,"Census Tract 38.03, Miami-Dade County, Florida",2499,41.8,45.7,2.6,0.0,3.6,0.5,0.0,1045,1143,64,0,90,13,0
1400000US12086003804,12086003804,"Census Tract 38.04, Miami-Dade County, Florida",5470,44.1,33.6,6.9,0.0,2.0,0.2,0.0,2413,1840,377,0,112,12,0
1400000US12086003906,12086003906,"Census Tract 39.06, Miami-Dade County, Florida",2951,46.4,40.4,3.2,0.0,1.5,0.0,0.1,1369,1193,94,0,45,0,4
1400000US12086003909,12086003909,"Census Tract 39.09, Miami-Dade County, Florida",1336,23.1,70.4,0.9,0.0,0.0,2.7,0.0,309,941,12,0,0,36,0
1400000US12086003911,12086003911,"Census Tract 39.11, Miami-Dade County, Florida",4780,20.9,75.6,0.0,0.0,2.2,0.5,0.0,997,3614,0,0,104,24,0
1400000US12086003913,12086003913,"Census Tract 39.13, Miami-Dade County, Florida",4477,12.1,82.0,0.3,0.0,1.7,0.0,0.0,541,3673,15,0,75,0,0
1400000US12086003914,12086003914,"Census Tract 39.14, Miami-Dade County, Florida",3556,27.8,64.6,0.0,0.1,3.7,0.0,0.0,987,2296,0,2,131,0,0
1400000US12086003915,12086003915,"Census Tract 39.15, Miami-Dade County, Florida",5098,17.2,70.2,2.6,0.0,1.6,0.0,0.0,875,3579,133,0,81,0,0
1400000US12086003916,12086003916,"Census Tract 39.16, Miami-Dade County, Florida",4012,24.1,64.1,1.8,1.2,2.2,0.6,0.0,966,2571,73,47,89,24,0
1400000US12086003917,12086003917,"Census Tract 39.17, Miami-Dade County, Florida",4745,29.5,61.0,1.6,0.2,4.7,0.2,0.0,1400,2896,75,9,222,9,0
1400000US12086004000,12086004000,"Census Tract 40, Miami-Dade County, Florida",4972,46.8,27.8,1.6,0.1,2.2,3.6,0.0,2329,1382,79,3,109,180,0
1400000US12086004102,12086004102,"Census Tract 41.02, Miami-Dade County, Florida",3178,46.4,35.5,4.0,0.0,1.9,0.6,0.7,1474,1129,126,0,61,18,22
1400000US12086004103,12086004103,"Census Tract 41.03, Miami-Dade County, Florida",2793,27.1,60.9,0.5,0.0,2.1,3.8,0.8,757,1702,13,0,59,105,22
1400000US12086004105,12086004105,"Census Tract 41.05, Miami-Dade County, Florida",2315,28.5,50.9,3.0,0.0,3.8,0.0,0.0,660,1179,70,0,87,0,0
1400000US12086004106,12086004106,"Census Tract 41.06, Miami-Dade County, Florida",3762,50.9,31.1,6.2,0.9,2.6,1.3,0.0,1915,1170,235,33,97,48,0
1400000US12086004203,12086004203,"Census Tract 42.03, Miami-Dade County, Florida",4191,36.5,30.9,6.4,1.4,3.9,4.7,2.6,1531,1295,267,58,163,195,108
1400000US12086004204,12086004204,"Census Tract 42.04, Miami-Dade County, Florida",1942,32.6,48.5,5.0,0.0,2.8,1.4,0.0,633,942,97,0,54,28,0
1400000US12086004205,12086004205,"Census Tract 42.05, Miami-Dade County, Florida",2559,30.8,48.6,2.1,0.0,2.5,3.6,1.9,789,1243,55,0,64,92,49
1400000US12086004206,12086004206,"Census Tract 42.06, Miami-Dade County, Florida",1487,36.9,60.5,1.4,0.0,0.0,0.0,0.0,549,899,21,0,0,0,0
1400000US12086004301,12086004301,"Census Tract 43.01, Miami-Dade County, Florida",1794,42.4,44.5,0.0,0.0,0.0,1.1,0.3,760,799,0,0,0,19,5
1400000US12086004303,12086004303,"Census Tract 43.03, Miami-Dade County, Florida",2643,31.8,53.4,3.2,0.9,1.4,0.4,1.6,840,1412,84,24,38,10,41
1400000US12086004304,12086004304,"Census Tract 43.04, Miami-Dade County, Florida",2407,39.0,47.3,1.3,0.0,2.8,3.0,0.0,939,1139,31,0,67,73,0
1400000US12086004403,12086004403,"Census Tract 44.03, Miami-Dade County, Florida",3000,32.7,57.7,1.2,1.7,2.1,0.0,0.0,981,1732,37,52,63,0,0
1400000US12086004404,12086004404,"Census Tract 44.04, Miami-Dade County, Florida",1855,29.3,52.3,2.4,0.0,0.4,13.4,0.0,543,970,45,0,8,249,0
1400000US12086004405,12086004405,"Census Tract 44.05, Miami-Dade County, Florida",3225,18.9,72.0,1.7,0.3,0.2,0.5,0.0,611,2323,56,9,8,17,0
1400000US12086004406,12086004406,"Census Tract 44.06, Miami-Dade County, Florida",2208,41.5,43.2,0.0,0.4,4.9,5.1,0.0,916,953,0,8,108,112,0
1400000US12086004500,12086004500,"Census Tract 45, Miami-Dade County, Florida",3663,43.5,43.8,2.5,0.1,3.2,0.3,0.0,1592,1605,90,5,117,12,0
1400000US12086004602,12086004602,"Census Tract 46.02, Miami-Dade County, Florida",4137,37.9,53.9,1.9,0.0,0.0,0.0,0.0,1566,2231,77,0,0,0,0
1400000US12086004605,12086004605,"Census Tract 46.05, Miami-Dade County, Florida",3385,29.6,62.9,1.1,0.0,0.8,0.3,0.0,1002,2128,36,0,26,10,0
1400000US12086004607,12086004607,"Census Tract 46.07, Miami-Dade County, Florida",3019,30.1,61.4,1.9,0.0,2.4,0.4,1.2,908,1854,58,0,71,13,35
1400000US12086004608,12086004608,"Census Tract 46.08, Miami-Dade County, Florida",1615,16.8,64.7,2.7,0.0,5.7,0.0,1.4,271,1045,44,0,92,0,23
1400000US12086004701,12086004701,"Census Tract 47.01, Miami-Dade County, Florida",5494,35.5,61.0,0.1,0.0,0.3,0.0,1.2,1950,3350,8,0,19,0,67
1400000US12086004702,12086004702,"Census Tract 47.02, Miami-Dade County, Florida",6279,20.3,78.7,0.0,0.0,0.3,0.0,0.0,1277,4942,0,0,16,0,0
1400000US12086004703,12086004703,"Census Tract 47.03, Miami-Dade County, Florida",4887,12.8,83.8,0.0,0.2,0.8,0.0,1.7,625,4093,0,8,40,0,85
1400000US12086004901,12086004901,"Census Tract 49.01, Miami-Dade County, Florida",3258,6.7,91.6,0.0,0.0,0.0,0.0,0.0,217,2984,0,0,0,0,0
1400000US12086004902,12086004902,"Census Tract 49.02, Miami-Dade County, Florida",6956,3.0,94.7,0.0,0.1,0.3,0.0,0.0,211,6589,0,7,20,0,0
1400000US12086005001,12086005001,"Census Tract 50.01, Miami-Dade County, Florida",6820,7.1,92.9,0.0,0.0,0.0,0.0,0.0,484,6336,0,0,0,0,0
1400000US12086005002,12086005002,"Census Tract 50.02, Miami-Dade County, Florida",5448,2.7,96.2,0.0,0.0,0.0,0.0,0.0,147,5240,0,0,0,0,0
1400000US12086005102,12086005102,"Census Tract 51.02, Miami-Dade County, Florida",4137,10.1,88.3,1.0,0.0,0.0,0.0,0.0,417,3652,43,0,0,0,0
1400000US12086005103,12086005103,"Census Tract 51.03, Miami-Dade County, Florida",2684,5.1,94.9,0.0,0.0,0.0,0.0,0.0,136,2548,0,0,0,0,0
1400000US12086005104,12086005104,"Census Tract 51.04, Miami-Dade County, Florida",3996,11.9,88.1,0.0,0.0,0.0,0.0,0.0,474,3522,0,0,0,0,0
1400000US12086005201,12086005201,"Census Tract 52.01, Miami-Dade County, Florida",5348,7.9,89.5,0.0,2.3,0.0,0.0,0.0,420,4784,0,125,0,0,0
1400000US12086005202,12086005202,"Census Tract 52.02, Miami-Dade County, Florida",5622,5.5,94.1,0.3,0.0,0.0,0.0,0.0,307,5289,15,1,0,0,0
1400000US12086005302,12086005302,"Census Tract 53.02, Miami-Dade County, Florida",5939,4.0,96.0,0.0,0.0,0.0,0.0,0.0,237,5699,0,0,0,0,0
1400000US12086005303,12086005303,"Census Tract 53.03, Miami-Dade County, Florida",3427,3.2,96.8,0.0,0.0,0.0,0.0,0.0,109,3318,0,0,0,0,0
1400000US12086005304,12086005304,"Census Tract 53.04, Miami-Dade County, Florida",4646,3.5,96.3,0.2,0.0,0.0,0.0,0.0,162,4475,9,0,0,0,0
1400000US12086005403,12086005403,"Census Tract 54.03, Miami-Dade County, Florida",1353,14.7,85.3,0.0,0.0,0.0,0.0,0.0,199,1154,0,0,0,0,0
1400000US12086005405,12086005405,"Census Tract 54.05, Miami-Dade County, Florida",3399,6.2,93.2,0.0,0.2,0.0,0.0,0.0,212,3168,1,7,0,0,0
1400000US12086005406,12086005406,"Census Tract 54.06, Miami-Dade County, Florida",3950,2.7,97.3,0.0,0.0,0.0,0.0,0.0,106,3844,0,0,0,0,0
1400000US12086005407,12086005407,"Census Tract 54.07, Miami-Dade County, Florida",2303,7.5,92.2,0.0,0.0,0.0,0.0,0.0,173,2124,0,0,0,0,0
1400000US12086005409,12086005409,"Census Tract 54.09, Miami-Dade County, Florida",3354,4.1,95.5,0.0,0.1,0.0,0.0,0.0,138,3203,0,3,0,0,0
1400000US12086005410,12086005410,"Census Tract 54.10, Miami-Dade County, Florida",3218,1.3,98.0,0.0,0.0,0.0,0.0,0.0,42,3153,0,0,0,0,0
1400000US12086005501,12086005501,"Census Tract 55.01, Miami-Dade County, Florida",6017,2.4,96.2,0.0,0.1,0.0,0.0,0.9,143,5791,0,5,0,0,53
1400000US12086005502,12086005502,"Census Tract 55.02, Miami-Dade County, Florida",6592,2.9,96.1,0.0,0.0,0.0,0.0,0.0,192,6337,0,0,0,0,0
1400000US12086005600,12086005600,"Census Tract 56, Miami-Dade County, Florida",5591,6.5,92.4,0.6,0.0,0.0,0.0,0.0,365,5166,31,1,0,0,0
1400000US12086005701,12086005701,"Census Tract 57.01, Miami-Dade County, Florida",6363,4.9,95.0,0.0,0.0,0.0,0.0,0.0,314,6047,0,1,0,1,0
1400000US12086005703,12086005703,"Census Tract 57.03, Miami-Dade County, Florida",6731,10.7,89.0,0.0,0.0,0.1,0.0,0.0,718,5991,0,0,10,0,0
1400000US12086005704,12086005704,"Census Tract 57.04, Miami-Dade County, Florida",8530,2.8,97.1,0.0,0.0,0.1,0.0,0.0,237,8281,0,0,12,0,0
1400000US12086005801,12086005801,"Census Tract 58.01, Miami-Dade County, Florida",8216,8.7,89.8,0.0,0.0,0.0,0.0,0.9,716,7374,0,1,0,0,76
1400000US12086005802,12086005802,"Census Tract 58.02, Miami-Dade County, Florida",9847,2.9,95.3,0.0,0.0,0.2,0.0,0.9,290,9387,0,2,23,0,85
1400000US12086005901,12086005901,"Census Tract 59.01, Miami-Dade County, Florida",4129,12.4,87.3,0.0,0.0,0.0,0.0,0.2,511,3605,0,0,0,0,8
1400000US12086005904,12086005904,"Census Tract 59.04, Miami-Dade County, Florida",4344,14.1,83.0,0.0,0.3,0.0,0.0,0.0,613,3606,0,11,0,0,0
1400000US12086006001,12086006001,"Census Tract 60.01, Miami-Dade County, Florida",6121,16.6,80.6,0.0,0.0,1.5,0.0,0.0,1019,4931,0,0,91,0,0
1400000US12086006002,12086006002,"Census Tract 60.02, Miami-Dade County, Florida",5239,22.5,76.2,1.0,0.0,0.0,0.0,0.0,1178,3994,55,0,0,0,0
1400000US12086006101,12086006101,"Census Tract 61.01, Miami-Dade County, Florida",5847,22.8,71.2,0.0,0.0,1.7,0.5,0.0,1332,4164,0,0,101,29,0
1400000US12086006102,12086006102,"Census Tract 61.02, Miami-Dade County, Florida",5863,34.5,58.9,1.2,0.0,2.3,0.5,0.0,2024,3451,69,0,132,29,0
1400000US12086006201,12086006201,"Census Tract 62.01, Miami-Dade County, Florida",2562,10.4,86.0,0.6,0.0,0.4,0.9,0.0,267,2203,16,0,10,22,0
1400000US12086006203,12086006203,"Census Tract 62.03, Miami-Dade County, Florida",1882,35.1,60.0,0.0,0.0,0.0,0.0,1.9,661,1129,0,0,0,0,35
1400000US12086006205,12086006205,"Census Tract 62.05, Miami-Dade County, Florida",3838,18.4,76.7,0.5,0.0,0.4,0.0,0.0,706,2944,20,0,14,0,0
1400000US12086006206,12086006206,"Census Tract 62.06, Miami-Dade County, Florida",2838,34.1,62.1,0.0,0.0,0.4,0.0,0.0,967,1762,0,0,11,0,0
1400000US12086006301,12086006301,"Census Tract 63.01, Miami-Dade County, Florida",6927,8.9,90.1,0.0,0.0,0.0,0.0,0.0,619,6241,0,0,0,0,0
1400000US12086006302,12086006302,"Census Tract 63.02, Miami-Dade County, Florida",4667,8.4,88.9,0.1,0.1,1.9,0.0,0.0,392,4151,4,4,90,0,0
1400000US12086006401,12086006401,"Census Tract 64.01, Miami-Dade County, Florida",3982,3.9,92.0,0.0,0.0,0.0,0.0,3.4,155,3665,0,0,0,0,137
1400000US12086006402,12086006402,"Census Tract 64.02, Miami-Dade County, Florida",3894,10.7,88.7,0.2,0.5,0.0,0.0,0.0,416,3453,7,18,0,0,0
1400000US12086006403,12086006403,"Census Tract 64.03, Miami-Dade County, Florida",3315,12.2,86.0,0.0,0.0,0.0,0.0,1.4,406,2852,0,0,0,0,48
1400000US12086006501,12086006501,"Census Tract 65.01, Miami-Dade County, Florida",3695,5.9,93.7,0.2,0.0,0.0,0.0,0.0,218,3463,7,0,0,0,0
1400000US12086006503,12086006503,"Census Tract 65.03, Miami-Dade County, Florida",2695,7.6,81.7,0.0,0.0,0.0,0.0,10.7,205,2202,0,0,0,0,288
1400000US12086006504,12086006504,"Census Tract 65.04, Miami-Dade County, Florida",2476,12.0,82.9,0.2,0.0,0.0,0.0,0.0,298,2053,6,0,0,0,0
1400000US12086006601,12086006601,"Census Tract 66.01, Miami-Dade County, Florida",6579,8.9,87.7,1.2,0.0,0.0,0.2,0.0,587,5767,81,0,0,10,0
1400000US12086006602,12086006602,"Census Tract 66.02, Miami-Dade County, Florida",4538,13.5,78.1,0.0,0.7,1.8,0.0,3.9,614,3542,0,31,82,0,179
1400000US12086006702,12086006702,"Census Tract 67.02, Miami-Dade County, Florida",8561,34.6,50.7,0.3,0.3,1.2,0.0,0.0,2959,4337,22,22,106,0,0
1400000US12086006705,12086006705,"Census Tract 67.05, Miami-Dade County, Florida",2807,27.0,58.1,3.7,0.0,3.2,0.0,0.7,757,1631,104,0,91,0,19
1400000US12086006706,12086006706,"Census Tract 67.06, Miami-Dade County, Florida",1946,29.4,53.1,2.3,0.0,7.9,0.0,0.4,573,1033,44,0,153,0,8
1400000US12086006707,12086006707,"Census Tract 67.07, Miami-Dade County, Florida",3882,32.1,57.4,0.5,0.0,4.0,1.7,0.7,1248,2228,20,0,155,66,28
1400000US12086006709,12086006709,"Census Tract 67.09, Miami-Dade County, Florida",1020,45.8,29.3,1.3,0.0,6.9,0.9,0.0,467,299,13,0,70,9,0
1400000US12086006711,12086006711,"Census Tract 67.11, Miami-Dade County, Florida",2524,32.4,58.4,0.8,0.0,0.5,0.8,0.0,818,1474,21,0,12,19,0
1400000US12086006713,12086006713,"Census Tract 67.13, Miami-Dade County, Florida",1681,32.8,58.2,0.5,0.0,1.5,0.2,0.0,552,978,9,0,25,4,0
1400000US12086006714,12086006714,"Census Tract 67.14, Miami-Dade County, Florida",1586,26.0,68.2,1.3,0.0,1.9,0.0,0.8,413,1082,21,0,30,0,13
1400000US12086006801,12086006801,"Census Tract 68.01, Miami-Dade County, Florida",2791,60.3,34.0,1.0,0.0,1.9,0.0,0.0,1683,950,29,0,52,0,0
1400000US12086006802,12086006802,"Census Tract 68.02, Miami-Dade County, Florida",3576,47.1,46.0,1.6,0.0,1.1,0.0,0.3,1684,1645,58,0,41,0,10
1400000US12086006900,12086006900,"Census Tract 69, Miami-Dade County, Florida",6001,17.5,79.7,0.2,0.0,0.2,0.0,0.2,1050,4780,14,0,15,0,14
1400000US12086007001,12086007001,"Census Tract 70.01, Miami-Dade County, Florida",9406,13.2,83.3,0.5,0.0,0.7,0.7,0.3,1238,7834,44,4,67,70,25
1400000US12086007002,12086007002,"Census Tract 70.02, Miami-Dade County, Florida",7159,10.6,88.5,0.2,0.0,0.2,0.0,0.0,756,6335,14,0,13,0,0
1400000US12086007101,12086007101,"Census Tract 71.01, Miami-Dade County, Florida",2276,62.0,31.9,1.4,1.4,2.0,0.0,0.0,1412,726,33,32,46,0,0
1400000US12086007103,12086007103,"Census Tract 71.03, Miami-Dade County, Florida",1622,50.7,38.4,1.6,0.0,4.1,0.6,0.9,823,623,26,0,67,9,15
1400000US12086007104,12086007104,"Census Tract 71.04, Miami-Dade County, Florida",2710,48.9,36.5,0.6,1.0,2.5,0.0,0.5,1324,988,17,28,67,0,13
1400000US12086007200,12086007200,"Census Tract 72, Miami-Dade County, Florida",2762,77.2,18.8,1.0,2.5,0.0,0.0,0.0,2131,518,29,69,0,0,0
1400000US12086007300,12086007300,"Census Tract 73, Miami-Dade County, Florida",3734,53.1,33.7,5.3,0.0,1.7,0.0,0.0,1982,1259,198,0,65,0,0
1400000US12086007400,12086007400,"Census Tract 74, Miami-Dade County, Florida",6658,37.7,55.9,3.2,0.0,0.8,0.0,0.9,2507,3722,212,0,56,0,60
1400000US12086007501,12086007501,"Census Tract 75.01, Miami-Dade County, Florida",2682,33.7,61.1,1.6,0.0,0.2,0.3,0.6,903,1638,43,0,6,8,16
1400000US12086007503,12086007503,"Census Tract 75.03, Miami-Dade County, Florida",877,38.9,54.3,2.2,0.0,0.3,0.0,0.0,341,476,19,0,3,0,0
1400000US12086007601,12086007601,"Census Tract 76.01, Miami-Dade County, Florida",2867,45.2,49.6,3.1,0.0,0.0,0.0,0.7,1295,1423,90,1,0,0,20
1400000US12086007901,12086007901,"Census Tract 79.01, Miami-Dade County, Florida",3309,42.2,49.6,2.9,2.1,1.1,0.0,1.0,1395,1641,96,69,37,0,34
1400000US12086007902,12086007902,"Census Tract 79.02, Miami-Dade County, Florida",3182,50.3,43.7,2.2,0.0,0.4,0.0,0.0,1600,1392,71,0,12,0,0
1400000US12086008000,12086008000,"Census Tract 80, Miami-Dade County, Florida",5993,45.7,46.2,1.8,0.0,2.3,0.3,0.4,2738,2768,107,0,139,18,25
1400000US12086490100,12086490100,"Census Tract 4901, Miami-Dade County, Florida",1845,0.4,99.3,0.3,0.0,0.0,0.0,0.0,7,1832,6,0,0,0,0
1400000US12086980300,12086980300,"Census Tract 9803, Miami-Dade County, Florida",4565,81.1,9.7,0.6,0.0,0.2,0.4,2.5,3702,444,26,0,9,16,114
1400000US12086980400,12086980400,"Census Tract 9804, Miami-Dade County, Florida",0,0.0,0.0,0.0,0.0,0.0,0.0,0.0,0,0,0,0,0,0,0
1400000US12086980500,12086980500,"Census Tract 9805, Miami-Dade County, Florida",0,0.0,0.0,0.0,0.0,0.0,0.0,0.0,0,0,0,0,0,0,0
1400000US12086981000,12086981000,"Census Tract 9810, Miami-Dade County, Florida",59,74.6,25.4,0.0,0.0,0.0,0.0,0.0,44,15,0,0,0,0,0
1400000US12086990000,12086990000,"Census Tract 9900, Miami-Dade County, Florida",0,0.0,0.0,0.0,0.0,0.0,0.0,0.0,0,0,0,0,0,0,0
1400000US12086000109,12086000109,"Census Tract 1.09, Miami-Dade County, Florida",3503,30.5,52.7,0.3,7.3,0.0,1.8,0.9,1067,1847,11,255,0,64,32
1400000US12086000124,12086000124,"Census Tract 1.24, Miami-Dade County, Florida",2777,41.0,34.1,1.0,19.1,0.0,0.6,0.0,1138,946,29,531,0,16,0
1400000US12086000130,12086000130,"Census Tract 1.30, Miami-Dade County, Florida",2281,37.7,35.9,3.5,0.0,4.2,8.3,0.0,860,818,79,0,96,189,0
1400000US12086000206,12086000206,"Census Tract 2.06, Miami-Dade County, Florida",5493,38.2,23.1,0.2,36.0,0.0,0.0,0.8,2100,1267,12,1980,0,0,44
1400000US12086000209,12086000209,"Census Tract 2.09, Miami-Dade County, Florida",6236,25.0,18.8,1.1,50.6,0.5,2.2,0.0,1557,1174,68,3156,30,138,0
1400000US12086000215,12086000215,"Census Tract 2.15, Miami-Dade County, Florida",3882,23.4,21.6,0.0,48.8,0.0,0.0,1.2,908,840,0,1894,0,0,45
1400000US12086000216,12086000216,"Census Tract 2.16, Miami-Dade County, Florida",4989,26.3,19.6,1.4,51.6,0.0,0.0,0.2,1310,980,71,2575,0,0,10
1400000US12086000217,12086000217,"Census Tract 2.17, Miami-Dade County, Florida",6209,23.8,19.3,0.2,54.0,0.3,0.0,0.0,1479,1197,13,3351,18,0,0
1400000US12086000218,12086000218,"Census Tract 2.18, Miami-Dade County, Florida",3530,22.1,10.3,1.3,63.3,0.0,0.0,0.0,781,365,47,2233,0,0,0
1400000US12086000301,12086000301,"Census Tract 3.01, Miami-Dade County, Florida",6215,27.0,19.1,0.7,50.3,0.0,0.0,0.5,1678,1185,45,3128,0,0,32
1400000US12086000302,12086000302,"Census Tract 3.02, Miami-Dade County, Florida",2679,34.8,28.1,0.0,34.8,0.0,0.0,0.0,931,753,0,932,0,0,0
1400000US12086000305,12086000305,"Census Tract 3.05, Miami-Dade County, Florida",6778,28.3,15.9,0.6,50.5,0.0,0.0,0.0,1917,1081,43,3425,0,0,0
1400000US12086000307,12086000307,"Census Tract 3.07, Miami-Dade County, Florida",4889,20.2,29.3,0.0,48.5,0.0,0.0,0.0,987,1432,0,2369,0,0,0
1400000US12086000403,12086000403,"Census Tract 4.03, Miami-Dade County, Florida",5695,81.7,18.0,0.2,0.0,0.0,0.0,0.0,4655,1026,14,0,0,0,0
1400000US12086000404,12086000404,"Census Tract 4.04, Miami-Dade County, Florida",6518,67.7,21.7,2.1,7.9,0.0,0.0,0.0,4413,1412,138,516,0,0,0
1400000US12086000405,12086000405,"Census Tract 4.05, Miami-Dade County, Florida",4409,40.5,22.1,1.0,34.2,0.0,0.0,0.0,1785,975,45,1509,0,0,0
1400000US12086000410,12086000410,"Census Tract 4.10, Miami-Dade County, Florida",4534,19.5,34.8,1.1,43.6,0.0,0.0,0.0,882,1578,51,1976,0,0,0
1400000US12086000413,12086000413,"Census Tract 4.13, Miami-Dade County, Florida",4538,49.7,16.0,0.0,33.5,0.0,0.0,0.0,2257,725,0,1519,0,0,0
1400000US12086000414,12086000414,"Census Tract 4.14, Miami-Dade County, Florida",4699,45.5,15.6,0.0,38.3,0.0,0.0,0.0,2138,735,0,1801,0,0,0
1400000US12086000504,12086000504,"Census Tract 5.04, Miami-Dade County, Florida",4521,49.9,45.4,0.0,4.1,0.0,0.0,0.0,2258,2054,0,185,0,0,0
1400000US12086000505,12086000505,"Census Tract 5.05, Miami-Dade County, Florida",5764,7.3,92.0,0.4,0.2,0.0,0.0,0.0,419,5305,25,9,0,0,0
1400000US12086000601,12086000601,"Census Tract 6.01, Miami-Dade County, Florida",4897,8.8,90.8,0.0,0.0,0.0,0.0,0.0,429,4446,0,0,1,0,0
1400000US12086000602,12086000602,"Census Tract 6.02, Miami-Dade County, Florida",4891,10.4,89.6,0.0,0.0,0.0,0.0,0.0,510,4381,0,0,0,0,0
1400000US12086000603,12086000603,"Census Tract 6.03, Miami-Dade County, Florida",5125,8.7,91.2,0.0,0.1,0.0,0.0,0.0,446,4676,0,3,0,0,0
1400000US12086000607,12086000607,"Census Tract 6.07, Miami-Dade County, Florida",5446,5.3,94.4,0.0,0.0,0.0,0.0,0.0,291,5141,0,0,0,0,0
1400000US12086000608,12086000608,"Census Tract 6.08, Miami-Dade County, Florida",7035,9.1,90.0,0.0,0.5,0.0,0.0,0.0,641,6333,0,33,0,0,0
1400000US12086000705,12086000705,"Census Tract 7.05, Miami-Dade County, Florida",4710,6.3,93.5,0.0,0.1,0.0,0.0,0.0,296,4402,0,7,0,0,0
1400000US12086000706,12086000706,"Census Tract 7.06, Miami-Dade County, Florida",7973,4.9,94.7,0.0,0.0,0.0,0.0,0.0,390,7552,0,0,0,0,0
1400000US12086000707,12086000707,"Census Tract 7.07, Miami-Dade County, Florida",7383,8.6,90.5,0.0,0.0,0.0,0.0,0.0,638,6680,0,0,0,0,0
1400000US12086000708,12086000708,"Census Tract 7.08, Miami-Dade County, Florida",6791,15.8,82.4,1.2,0.0,0.0,0.0,0.6,1075,5597,79,0,0,0,40
1400000US12086000709,12086000709,"Census Tract 7.09, Miami-Dade County, Florida",6567,2.3,97.7,0.0,0.0,0.0,0.0,0.0,154,6413,0,0,0,0,0
1400000US12086000710,12086000710,"Census Tract 7.10, Miami-Dade County, Florida",4542,5.1,94.0,0.0,0.0,0.9,0.0,0.0,233,4269,0,0,40,0,0
1400000US12086000711,12086000711,"Census Tract 7.11, Miami-Dade County, Florida",4938,12.4,87.1,0.4,0.1,0.0,0.0,0.0,610,4302,22,4,0,0,0
1400000US12086000712,12086000712,"Census Tract 7.12, Miami-Dade County, Florida",2528,4.2,95.8,0.0,0.0,0.0,0.0,0.0,105,2423,0,0,0,0,0
1400000US12086000807,12086000807,"Census Tract 8.07, Miami-Dade County, Florida",3946,5.5,93.9,0.0,0.2,0.0,0.0,0.0,216,3707,0,9,0,0,0
1400000US12086000808,12086000808,"Census Tract 8.08, Miami-Dade County, Florida",3639,7.5,91.8,0.0,0.0,0.0,0.0,0.0,273,3339,0,0,0,0,0
1400000US12086003912,12086003912,"Census Tract 39.12, Miami-Dade County, Florida",4417,25.6,69.1,0.0,0.0,1.0,0.0,0.0,1132,3052,0,0,45,0,0
1400000US12086003918,12086003918,"Census Tract 39.18, Miami-Dade County, Florida",2466,39.3,47.7,0.0,0.0,4.8,0.0,0.5,970,1176,0,0,118,0,13
1400000US12086005902,12086005902,"Census Tract 59.02, Miami-Dade County, Florida",3781,6.0,94.0,0.0,0.0,0.0,0.0,0.0,225,3553,0,0,0,0,0
1400000US12086005903,12086005903,"Census Tract 59.03, Miami-Dade County, Florida",5417,8.8,89.3,0.1,0.0,0.0,0.0,0.0,477,4840,8,0,0,0,0
1400000US12086007603,12086007603,"Census Tract 76.03, Miami-Dade County, Florida",3330,60.8,34.1,1.3,0.0,0.5,0.0,0.5,2024,1137,44,0,15,0,15
1400000US12086007604,12086007604,"Census Tract 76.04, Miami-Dade County, Florida",4963,43.8,49.8,0.3,0.0,0.7,0.0,0.8,2174,2474,13,0,34,1,38
1400000US12086007605,12086007605,"Census Tract 76.05, Miami-Dade County, Florida",4604,40.3,50.6,1.7,0.0,1.1,0.0,1.0,1856,2330,76,0,49,0,47
1400000US12086007606,12086007606,"Census Tract 76.06, Miami-Dade County, Florida",5675,43.5,50.8,2.5,0.0,0.0,0.0,1.0,2466,2883,143,0,0,0,57
1400000US12086007701,12086007701,"Census Tract 77.01, Miami-Dade County, Florida",6227,17.1,82.9,0.0,0.0,0.0,0.0,0.0,1063,5160,0,0,0,0,0
1400000US12086007702,12086007702,"Census Tract 77.02, Miami-Dade County, Florida",6405,26.2,72.6,0.0,0.1,0.0,0.0,0.0,1677,4647,0,4,0,0,0
1400000US12086007704,12086007704,"Census Tract 77.04, Miami-Dade County, Florida",4443,24.2,68.3,0.7,0.0,0.4,0.3,1.1,1075,3033,33,0,18,14,51
1400000US12086007705,12086007705,"Census Tract 77.05, Miami-Dade County, Florida",4280,18.7,77.2,0.8,0.0,0.0,0.5,0.8,802,3306,36,0,0,20,35
1400000US12086007801,12086007801,"Census Tract 78.01, Miami-Dade County, Florida",910,53.3,43.3,0.4,0.0,0.0,0.0,0.0,485,394,4,0,0,0,0
1400000US12086007804,12086007804,"Census Tract 78.04, Miami-Dade County, Florida",6640,27.6,65.2,0.2,0.0,0.6,0.0,3.1,1835,4332,14,1,40,0,207
1400000US12086007805,12086007805,"Census Tract 78.05, Miami-Dade County, Florida",4548,42.7,51.2,0.8,0.0,0.5,0.0,0.6,1944,2328,35,0,25,0,26
1400000US12086007806,12086007806,"Census Tract 78.06, Miami-Dade County, Florida",4374,38.4,50.4,2.2,0.3,0.2,0.0,3.9,1681,2205,95,13,7,0,171
1400000US12086007807,12086007807,"Census Tract 78.07, Miami-Dade County, Florida",4478,45.4,42.8,0.0,0.0,3.8,0.0,2.4,2031,1915,0,0,169,0,109
1400000US12086008101,12086008101,"Census Tract 81.01, Miami-Dade County, Florida",3413,56.1,28.3,1.0,0.0,3.2,0.2,1.2,1914,965,33,0,108,6,40
1400000US12086008102,12086008102,"Census Tract 81.02, Miami-Dade County, Florida",4927,43.1,36.5,2.4,0.0,0.0,0.4,10.4,2123,1798,118,0,0,22,512
1400000US12086008202,12086008202,"Census Tract 82.02, Miami-Dade County, Florida",3741,55.6,37.3,0.6,0.0,1.1,0.9,3.3,2079,1394,23,0,40,34,124
1400000US12086008205,12086008205,"Census Tract 82.05, Miami-Dade County, Florida",4169,47.8,42.5,5.7,0.2,0.0,0.0,1.8,1993,1770,237,8,0,0,76
1400000US12086008206,12086008206,"Census Tract 82.06, Miami-Dade County, Florida",3999,52.8,38.6,0.3,0.0,1.4,0.4,3.1,2113,1542,11,0,57,15,124
1400000US12086008207,12086008207,"Census Tract 82.07, Miami-Dade County, Florida",4050,59.5,33.5,0.0,1.1,3.1,0.4,0.2,2411,1356,0,43,124,18,10
1400000US12086008208,12086008208,"Census Tract 82.08, Miami-Dade County, Florida",4340,46.8,41.8,0.0,0.2,0.4,0.3,1.8,2032,1813,0,9,17,12,76
1400000US12086008209,12086008209,"Census Tract 82.09, Miami-Dade County, Florida",4650,57.3,35.6,1.0,0.0,0.4,0.0,2.3,2665,1655,46,0,20,0,107
1400000US12086008304,12086008304,"Census Tract 83.04, Miami-Dade County, Florida",8569,72.7,26.0,0.0,0.1,0.0,0.0,0.0,6226,2228,0,5,0,0,0
1400000US12086008305,12086008305,"Census Tract 83.05, Miami-Dade County, Florida",5222,46.3,44.1,1.0,0.9,0.0,0.0,1.1,2417,2305,53,45,0,0,57
1400000US12086008306,12086008306,"Census Tract 83.06, Miami-Dade County, Florida",8476,43.0,49.9,0.8,0.4,0.0,0.0,0.0,3641,4227,67,38,0,0,0
1400000US12086008307,12086008307,"Census Tract 83.07, Miami-Dade County, Florida",6701,52.4,45.1,0.5,1.5,0.4,0.0,0.0,3512,3023,31,99,26,0,0
1400000US12086008309,12086008309,"Census Tract 83.09, Miami-Dade County, Florida",3909,86.4,11.9,1.3,0.3,0.0,0.0,0.0,3376,467,51,10,0,0,0
1400000US12086008405,12086008405,"Census Tract 84.05, Miami-Dade County, Florida",5696,40.8,54.2,1.0,0.0,0.0,0.0,0.0,2323,3090,56,0,0,0,0
1400000US12086008407,12086008407,"Census Tract 84.07, Miami-Dade County, Florida",7000,28.0,68.1,0.0,0.0,0.3,0.0,0.3,1961,4765,0,0,20,0,23
1400000US12086008409,12086008409,"Census Tract 84.09, Miami-Dade County, Florida",5493,39.9,54.6,0.8,0.7,0.6,1.6,0.0,2189,2997,45,40,35,87,0
1400000US12086008410,12086008410,"Census Tract 84.10, Miami-Dade County, Florida",5932,34.8,58.5,0.6,0.5,3.0,1.0,1.0,2065,3468,38,32,180,60,59
1400000US12086008412,12086008412,"Census Tract 84.12, Miami-Dade County, Florida",5323,17.8,79.5,0.0,1.1,0.0,0.0,0.9,945,4230,0,56,0,0,48
1400000US12086008414,12086008414,"Census Tract 84.14, Miami-Dade County, Florida",7238,35.9,58.8,0.0,0.3,0.0,0.0,0.2,2602,4255,0,25,0,0,11
1400000US12086008415,12086008415,"Census Tract 84.15, Miami-Dade County, Florida",4960,47.1,44.8,0.6,0.6,1.3,0.0,3.0,2334,2221,31,28,62,0,151
1400000US12086008416,12086008416,"Census Tract 84.16, Miami-Dade County, Florida",3136,20.4,71.1,0.0,0.0,0.0,0.0,2.1,640,2229,0,0,0,0,65
1400000US12086008417,12086008417,"Census Tract 84.17, Miami-Dade County, Florida",4662,18.6,76.6,0.0,0.9,0.9,0.0,0.5,867,3573,0,42,44,0,23
1400000US12086008418,12086008418,"Census Tract 84.18, Miami-Dade County, Florida",2672,26.2,70.7,0.3,0.0,0.0,0.0,2.8,700,1889,9,0,0,0,74
1400000US12086008419,12086008419,"Census Tract 84.19, Miami-Dade County, Florida",4622,15.8,76.5,0.0,7.5,0.0,0.0,0.0,729,3534,0,346,0,0,0
1400000US12086008501,12086008501,"Census Tract 85.01, Miami-Dade County, Florida",7299,15.2,84.0,0.0,0.0,0.0,0.0,0.4,1106,6129,0,0,0,0,31
1400000US12086008502,12086008502,"Census Tract 85.02, Miami-Dade County, Florida",4655,13.8,83.0,0.2,0.0,0.9,0.3,0.0,643,3862,11,0,43,12,0
1400000US12086008601,12086008601,"Census Tract 86.01, Miami-Dade County, Florida",4755,11.3,85.3,0.0,0.2,0.0,0.0,0.0,539,4058,0,9,0,0,0
1400000US12086008602,12086008602,"Census Tract 86.02, Miami-Dade County, Florida",5947,17.2,80.3,0.5,0.0,0.0,0.0,0.0,1022,4773,31,0,0,0,0
1400000US12086008701,12086008701,"Census Tract 87.01, Miami-Dade County, Florida",5913,12.4,87.4,0.0,0.0,0.1,0.0,0.0,734,5168,0,0,3,0,0
1400000US12086008702,12086008702,"Census Tract 87.02, Miami-Dade County, Florida",6077,15.4,83.1,0.0,0.0,0.1,0.7,0.3,933,5052,0,0,8,44,18
1400000US12086008803,12086008803,"Census Tract 88.03, Miami-Dade County, Florida",6195,9.0,90.1,0.5,0.0,0.0,0.0,0.0,559,5584,32,0,0,0,0
1400000US12086008804,12086008804,"Census Tract 88.04, Miami-Dade County, Florida",6861,9.6,90.4,0.0,0.0,0.0,0.0,0.0,657,6204,0,0,0,0,0
1400000US12086008805,12086008805,"Census Tract 88.05, Miami-Dade County, Florida",5314,6.5,92.4,0.0,0.0,0.2,0.0,0.0,347,4911,0,0,8,0,0
1400000US12086008806,12086008806,"Census Tract 88.06, Miami-Dade County, Florida",4079,9.0,90.9,0.0,0.0,0.0,0.0,0.0,366,3708,0,0,0,0,0
1400000US12086008901,12086008901,"Census Tract 89.01, Miami-Dade County, Florida",7051,20.3,79.3,0.2,0.0,0.2,0.0,0.0,1434,5592,13,0,12,0,0
1400000US12086008902,12086008902,"Census Tract 89.02, Miami-Dade County, Florida",6451,7.3,91.6,0.4,0.0,0.3,0.0,0.0,473,5909,26,0,18,0,0
1400000US12086008904,12086008904,"Census Tract 89.04, Miami-Dade County, Florida",2197,58.5,25.7,1.9,1.7,0.5,0.6,1.7,1285,564,41,38,12,14,37
1400000US12086008906,12086008906,"Census Tract 89.06, Miami-Dade County, Florida",5234,5.3,93.3,0.2,0.0,0.0,0.0,0.2,277,4883,8,0,0,0,12
1400000US12086008907,12086008907,"Census Tract 89.07, Miami-Dade County, Florida",4568,10.3,85.2,1.2,0.3,1.7,0.0,0.0,472,3894,56,14,79,0,0
1400000US12086009006,12086009006,"Census Tract 90.06, Miami-Dade County, Florida",9754,7.5,90.6,0.0,0.0,0.0,0.0,1.5,735,8841,0,0,0,0,144
1400000US12086009010,12086009010,"Census Tract 90.10, Miami-Dade County, Florida",4849,10.8,84.5,0.4,0.0,3.1,0.0,0.0,525,4099,21,0,152,0,0
1400000US12086009014,12086009014,"Census Tract 90.14, Miami-Dade County, Florida",3976,9.8,88.1,0.0,0.0,0.0,0.0,0.5,391,3504,0,0,0,0,20
1400000US12086009015,12086009015,"Census Tract 90.15, Miami-Dade County, Florida",4791,1.7,94.8,0.0,0.0,1.5,0.0,0.0,82,4543,0,0,73,0,0
1400000US12086009017,12086009017,"Census Tract 90.17, Miami-Dade County, Florida",5831,2.4,96.8,0.0,0.0,0.0,0.0,0.5,142,5643,0,0,0,0,32
1400000US12086009019,12086009019,"Census Tract 90.19, Miami-Dade County, Florida",4649,4.2,94.9,0.2,0.0,0.0,0.0,0.0,194,4414,9,0,0,0,0
1400000US12086009020,12086009020,"Census Tract 90.20, Miami-Dade County, Florida",2643,0.9,99.1,0.0,0.0,0.0,0.0,0.0,23,2620,0,0,0,0,0
1400000US12086009021,12086009021,"Census Tract 90.21, Miami-Dade County, Florida",4523,3.5,96.4,0.0,0.0,0.0,0.0,0.0,157,4358,0,0,0,0,0
1400000US12086009023,12086009023,"Census Tract 90.23, Miami-Dade County, Florida",7063,2.1,92.9,0.0,0.0,0.9,0.0,0.9,150,6561,0,0,64,0,64
1400000US12086009024,12086009024,"Census Tract 90.24, Miami-Dade County, Florida",4211,6.1,89.0,0.0,0.0,0.4,0.0,0.0,258,3748,0,0,15,0,0
1400000US12086009026,12086009026,"Census Tract 90.26, Miami-Dade County, Florida",2367,5.4,93.2,0.0,0.0,1.1,0.0,0.0,128,2207,0,0,27,0,0
1400000US12086009027,12086009027,"Census Tract 90.27, Miami-Dade County, Florida",4254,6.1,89.7,0.0,0.0,1.1,0.0,0.6,261,3814,0,0,47,0,25
1400000US12086009028,12086009028,"Census Tract 90.28, Miami-Dade County, Florida",4120,7.2,89.5,0.0,0.0,2.3,0.0,0.0,297,3687,0,0,93,0,0
1400000US12086009029,12086009029,"Census Tract 90.29, Miami-Dade County, Florida",3766,4.2,93.9,0.0,0.2,1.3,0.0,0.0,160,3535,0,7,50,0,0
1400000US12086009030,12086009030,"Census Tract 90.30, Miami-Dade County, Florida",4285,3.8,92.4,0.0,0.0,0.0,0.0,0.5,163,3959,0,0,0,0,20
1400000US12086009035,12086009035,"Census Tract 90.35, Miami-Dade County, Florida",4726,9.3,79.0,4.5,0.0,2.1,0.0,1.7,441,3732,215,0,98,0,80
1400000US12086000109,12086011526,"Census Tract 1.09, Miami-Dade County, Florida",5086,33.4,117.1,0.2,1.7,0.1,0.2,0.0,1698,5955,9,88,6,10,0
1400000US12086000124,12086011633,"Census Tract 1.24, Miami-Dade County, Florida",5088,6.6,62.5,0.0,0.2,0.0,0.0,0.0,334,3178,0,9,0,0,0
1400000US12086000130,12086011741,"Census Tract 1.30, Miami-Dade County, Florida",5090,12.0,105.9,0.0,0.0,0.0,0.0,0.0,609,5390,0,0,0,0,0
1400000US12086000206,12086011848,"Census Tract 2.06, Miami-Dade County, Florida",5091,5.0,99.8,0.0,0.0,0.0,0.0,0.0,255,5080,0,0,0,0,0
1400000US12086000209,12086011956,"Census Tract 2.09, Miami-Dade County, Florida",5093,13.4,107.4,0.0,0.0,0.1,0.0,0.0,680,5471,0,0,7,0,0
1400000US12086000215,12086012063,"Census Tract 2.15, Miami-Dade County, Florida",5095,18.3,64.9,0.1,0.0,0.8,0.0,0.0,933,3306,6,0,41,0,0
1400000US12086000216,12086012171,"Census Tract 2.16, Miami-Dade County, Florida",5097,6.5,38.7,0.6,1.0,0.5,0.0,0.0,330,1973,32,51,24,0,0
1400000US12086000217,12086012278,"Census Tract 2.17, Miami-Dade County, Florida",5099,7.6,84.4,0.0,0.0,0.0,0.0,0.0,386,4302,0,0,0,0,0
1400000US12086000218,12086012386,"Census Tract 2.18, Miami-Dade County, Florida",5100,8.9,70.7,0.0,0.0,0.0,0.0,0.0,452,3607,0,0,0,0,0
1400000US12086000301,12086012494,"Census Tract 3.01, Miami-Dade County, Florida",5102,9.9,82.4,0.0,0.0,0.2,0.0,0.0,506,4202,0,0,8,0,0
1400000US12086000302,12086012601,"Census Tract 3.02, Miami-Dade County, Florida",5104,6.9,88.8,0.0,0.0,0.0,0.0,2.0,351,4533,0,0,0,0,102
1400000US12086000305,12086012709,"Census Tract 3.05, Miami-Dade County, Florida",5106,5.0,87.6,0.0,0.0,0.2,0.0,0.0,257,4471,0,0,11,0,0
1400000US12086000307,12086012816,"Census Tract 3.07, Miami-Dade County, Florida",5107,6.7,102.4,0.0,0.3,0.6,0.0,0.0,340,5228,0,13,32,0,0
1400000US12086000403,12086012924,"Census Tract 4.03, Miami-Dade County, Florida",5109,10.8,114.9,0.0,0.0,0.2,0.0,0.0,553,5870,0,0,9,0,0
1400000US12086000404,12086013031,"Census Tract 4.04, Miami-Dade County, Florida",5111,12.3,67.3,0.0,0.2,0.0,0.0,0.0,628,3442,0,12,0,0,0
1400000US12086000405,12086013139,"Census Tract 4.05, Miami-Dade County, Florida",5113,9.4,75.0,0.8,0.0,0.9,0.0,0.5,479,3834,42,2,46,0,25
1400000US12086000410,12086013246,"Census Tract 4.10, Miami-Dade County, Florida",5115,46.7,79.2,0.8,0.7,1.5,0.0,0.0,2388,4052,39,37,75,0,0
1400000US12086000413,12086013354,"Census Tract 4.13, Miami-Dade County, Florida",5116,22.1,62.0,1.3,0.0,0.0,0.0,0.5,1131,3170,67,0,0,0,25
1400000US12086000414,12086013461,"Census Tract 4.14, Miami-Dade County, Florida",5118,41.4,58.2,1.1,0.0,0.0,0.0,0.9,2121,2978,54,0,0,0,48
1400000US12086000504,12086013569,"Census Tract 5.04, Miami-Dade County, Florida",5120,0.0,0.0,0.0,0.0,0.0,0.0,0.0,0,0,0,0,0,0,0
1400000US12086004701,12086004701,"Census Tract 47.01, Miami-Dade County, Florida",5494,35.5,61.0,0.1,0.0,0.3,0.0,1.2,1950,3350,8,0,19,0,67
1400000US12086009021,12086009021,"Census Tract 90.21, Miami-Dade County, Florida",4523,3.5,96.4,0.0,0.0,0.0,0.0,0.0,157,4358,0,0,0,0,0
1400000US12086009034,12086009034,"Census Tract 90.34, Miami-Dade County, Florida",7506,9.3,80.5,2.0,1.3,1.1,0.2,1.7,701,6043,148,95,79,14,127
1400000US12086009040,12086009040,"Census Tract 90.40, Miami-Dade County, Florida",160,9.4,90.6,0.0,0.0,0.0,0.0,0.0,15,145,0,0,0,0,0
1400000US12086009100,12086009100,"Census Tract 91, Miami-Dade County, Florida",7786,21.8,76.5,0.1,1.1,0.1,0.1,0.0,1698,5955,9,88,6,10,0
1400000US12086014200,12086014200,"Census Tract 142, Miami-Dade County, Florida",5394,3.8,94.5,0.0,0.0,0.0,0.0,0.0,207,5098,0,0,0,0,0
1400000US12086014300,12086014300,"Census Tract 143, Miami-Dade County, Florida",3594,8.8,88.5,0.0,0.0,1.7,0.0,0.6,316,3179,0,0,61,0,21
1400000US12086014400,12086014400,"Census Tract 144, Miami-Dade County, Florida",4495,8.1,87.5,0.0,0.0,3.0,0.0,0.5,363,3935,0,0,135,0,24
1400000US12086014500,12086014500,"Census Tract 145, Miami-Dade County, Florida",4457,9.3,90.5,0.0,0.0,0.0,0.0,0.0,415,4032,0,0,0,0,0
1400000US12086014600,12086014600,"Census Tract 146, Miami-Dade County, Florida",7485,3.6,95.9,0.0,0.0,0.0,0.0,0.0,270,7178,0,0,0,0,0
1400000US12086014700,12086014700,"Census Tract 147, Miami-Dade County, Florida",6566,3.2,95.9,0.0,0.0,0.0,0.0,0.0,212,6298,0,0,0,0,0
1400000US12086014800,12086014800,"Census Tract 148, Miami-Dade County, Florida",5701,5.6,93.9,0.0,0.0,0.0,0.0,0.0,320,5353,0,0,0,0,0
1400000US12086014900,12086014900,"Census Tract 149, Miami-Dade County, Florida",5307,6.2,93.2,0.0,0.0,0.0,0.0,0.5,329,4946,0,0,0,0,26
1400000US12086015000,12086015000,"Census Tract 150, Miami-Dade County, Florida",8726,3.4,96.3,0.0,0.0,0.0,0.0,0.3,295,8402,0,0,0,0,29
1400000US12086015300,12086015300,"Census Tract 153, Miami-Dade County, Florida",5606,4.0,95.8,0.1,0.0,0.0,0.0,0.0,226,5373,7,0,0,0,0
1400000US12086015400,12086015400,"Census Tract 154, Miami-Dade County, Florida",5335,4.8,95.2,0.0,0.0,0.0,0.0,0.0,255,5080,0,0,0,0,0
1400000US12086015500,12086015500,"Census Tract 155, Miami-Dade County, Florida",6184,11.0,88.5,0.0,0.0,0.1,0.0,0.0,680,5471,0,0,7,0,0
1400000US12086015600,12086015600,"Census Tract 156, Miami-Dade County, Florida",4357,21.4,75.9,0.1,0.0,0.9,0.0,0.0,933,3306,6,0,41,0,0
1400000US12086015700,12086015700,"Census Tract 157, Miami-Dade County, Florida",2465,13.4,80.0,1.3,2.1,1.0,0.0,0.0,330,1973,32,51,24,0,0
1400000US12086015800,12086015800,"Census Tract 158, Miami-Dade County, Florida",4725,8.2,91.0,0.0,0.0,0.0,0.0,0.0,386,4302,0,0,0,0,0
1400000US12086015900,12086015900,"Census Tract 159, Miami-Dade County, Florida",4177,10.8,86.4,0.0,0.0,0.0,0.0,0.0,452,3607,0,0,0,0,0
1400000US12086016000,12086016000,"Census Tract 160, Miami-Dade County, Florida",4742,10.7,88.6,0.0,0.0,0.2,0.0,0.0,506,4202,0,0,8,0,0
1400000US12086016100,12086016100,"Census Tract 161, Miami-Dade County, Florida",5082,6.9,89.2,0.0,0.0,0.0,0.0,2.0,351,4533,0,0,0,0,102
1400000US12086016200,12086016200,"Census Tract 162, Miami-Dade County, Florida",3383,9.1,85.8,0.0,0.0,1.9,0.0,0.0,309,2902,0,0,65,0,0
1400000US12086016300,12086016300,"Census Tract 163, Miami-Dade County, Florida",5343,10.8,85.0,0.0,0.0,0.0,0.0,0.2,578,4542,0,0,0,0,10
1400000US12086016600,12086016600,"Census Tract 166, Miami-Dade County, Florida",3719,14.0,83.4,1.3,0.4,0.0,0.0,1.0,520,3100,47,14,0,0,38
1400000US12086016700,12086016700,"Census Tract 167, Miami-Dade County, Florida",5741,11.7,87.6,0.5,0.0,0.0,0.0,0.0,669,5030,30,0,0,0,0
1400000US12086016800,12086016800,"Census Tract 168, Miami-Dade County, Florida",3964,12.0,81.1,1.4,0.0,2.6,0.0,1.5,476,3213,54,0,104,0,58
1400000US12086016900,12086016900,"Census Tract 169, Miami-Dade County, Florida",4805,5.3,93.0,0.0,0.0,0.2,0.0,0.0,257,4471,0,0,11,0,0
1400000US12086017000,12086017000,"Census Tract 170, Miami-Dade County, Florida",5654,6.0,92.5,0.0,0.2,0.6,0.0,0.0,340,5228,0,13,32,0,0
1400000US12086017100,12086017100,"Census Tract 171, Miami-Dade County, Florida",6567,8.4,89.4,0.0,0.0,0.1,0.0,0.0,553,5870,0,0,9,0,0
1400000US12086017200,12086017200,"Census Tract 172, Miami-Dade County, Florida",4082,15.4,84.3,0.0,0.3,0.0,0.0,0.0,628,3442,0,12,0,0,0
1400000US12086017300,12086017300,"Census Tract 173, Miami-Dade County, Florida",4513,10.6,85.0,0.9,0.0,1.0,0.0,0.6,479,3834,42,2,46,0,25
1400000US12086017400,12086017400,"Census Tract 174, Miami-Dade County, Florida",5803,11.8,85.2,1.4,0.8,0.0,0.0,0.0,685,4943,84,45,0,0,0
1400000US12086017500,12086017500,"Census Tract 175, Miami-Dade County, Florida",4085,8.1,91.5,0.0,0.0,0.0,0.0,0.0,330,3737,0,0,0,0,0
1400000US12086017800,12086017800,"Census Tract 178, Miami-Dade County, Florida",6089,3.9,95.5,0.5,0.0,0.0,0.0,0.0,240,5818,31,0,0,0,0
1400000US12086018100,12086018100,"Census Tract 181, Miami-Dade County, Florida",5065,17.5,77.1,3.8,0.0,0.0,0.0,0.0,887,3906,192,0,0,0,0
1400000US12086018600,12086018600,"Census Tract 186, Miami-Dade County, Florida",9066,13.6,83.7,0.8,0.4,0.1,0.0,0.0,1233,7588,76,38,10,0,0
1400000US12086018800,12086018800,"Census Tract 188, Miami-Dade County, Florida",7133,25.6,70.1,0.3,1.9,0.1,0.0,0.2,1828,5001,19,135,9,0,13
1400000US12086018900,12086018900,"Census Tract 189, Miami-Dade County, Florida",6849,34.9,59.2,0.6,0.5,1.1,0.0,0.0,2388,4052,39,37,75,0,0
1400000US12086019000,12086019000,"Census Tract 190, Miami-Dade County, Florida",5745,26.0,70.9,0.7,0.0,1.2,0.5,0.0,1493,4073,39,0,67,27,0
1400000US12086019100,12086019100,"Census Tract 191, Miami-Dade County, Florida",4510,25.1,70.3,1.5,0.0,0.0,0.0,0.6,1131,3170,67,0,0,0,25
1400000US12086019200,12086019200,"Census Tract 192, Miami-Dade County, Florida",5417,39.2,55.0,1.0,0.0,0.0,0.0,0.9,2121,2978,54,0,0,0,48